时间/s,节流阀/%,表　速/kph,真空速/kph,马赫数/Ma,高　度/m,温　度/℃,油　温/℃,爬升率/m/s,ＳＥＰ*/m/s,过　载/G,滚转率/deg/s,功　率/bhp,桨效率/%,轴功率*/bhp,转　速/rpm,推　力/kg,加速度*/m/s^2,桨　距/%,桨距角/deg,散热器/%,混合比/%,增压器/档,磁电机/档,进气压/ata,襟　翼/%,升降舵/%,滚转舵/%,方向舵/%,攻　角/deg,侧滑角/deg,
0.00,110,183,183,0.15,72,186,55,0.0,0,0.99,0,0,68,0,2802,0,3.401146E-8,100,0.0,0,100,1,3,2.41,0,90,0,-3,10.7,0.2,
0.06,110,208,208,0.17,101,191,59,6.6,17,1.13,0,2800,72,2016,2801,2661,1.8687341,100,26.1,0,100,1,3,2.41,0,32,2,-1,11.7,0.4,
0.17,110,208,208,0.17,104,192,59,6.8,16,1.12,0,2800,72,2016,2801,2657,1.5855516,100,26.1,0,100,1,3,2.41,0,32,2,0,11.5,0.5,
0.29,110,209,209,0.17,106,192,60,6.9,14,1.12,1,2801,72,2017,2801,2653,1.224257,100,26.1,0,100,1,3,2.41,0,31,2,0,11.4,0.5,
0.39,110,209,209,0.17,109,192,60,7.1,14,1.11,1,2800,72,2016,2801,2649,1.2082068,100,26.2,0,100,1,3,2.41,0,30,2,0,11.2,0.5,
0.52,110,210,210,0.17,34,192,60,7.3,15,1.1,1,2800,72,2016,2801,2644,1.376689,100,26.2,0,100,1,3,2.41,0,30,2,1,11.0,0.5,
0.64,110,210,210,0.17,35,192,60,7.5,16,1.09,1,2800,72,2016,2801,2641,1.381982,100,26.2,0,100,1,3,2.41,0,30,2,0,10.9,0.6,
0.74,110,210,211,0.17,36,192,60,7.6,14,1.09,1,2801,72,2016,2801,2638,1.1226954,100,26.2,0,100,1,3,2.41,0,29,1,1,10.8,0.6,
0.87,110,211,211,0.17,37,193,60,7.7,15,1.08,1,2801,73,2044,2801,2634,1.2551626,100,26.2,0,100,1,3,2.41,0,29,1,1,10.7,0.6,
0.97,110,211,212,0.17,38,193,60,7.9,14,1.08,1,2801,73,2045,2801,2631,1.0910863,100,26.2,0,100,1,3,2.41,0,28,1,1,10.6,0.6,
1.07,110,212,212,0.17,38,193,60,8.0,15,1.08,1,2801,73,2044,2801,2628,1.1862198,100,26.3,0,100,1,3,2.41,0,28,1,1,10.5,0.6,
1.21,110,212,212,0.17,39,193,61,8.1,15,1.07,1,2800,73,2044,2801,2625,1.1739413,100,26.3,0,100,1,3,2.41,0,28,1,1,10.4,0.6,
1.31,110,212,213,0.17,40,193,61,8.2,14,1.07,1,2801,73,2044,2801,2622,1.0173252,100,26.3,0,100,1,3,2.41,0,27,1,1,10.3,0.6,
1.44,110,213,213,0.17,41,193,61,8.4,15,1.06,1,2801,73,2044,2801,2619,1.1280284,100,26.3,0,100,1,3,2.41,0,27,1,1,10.2,0.7,
1.54,110,213,214,0.17,42,194,61,8.5,14,1.06,1,2801,73,2044,2801,2616,0.9656824,100,26.3,0,100,1,3,2.41,0,29,1,0,10.1,0.7,
1.67,110,214,214,0.17,43,194,61,8.6,15,1.06,1,2801,73,2044,2801,2613,1.1085829,100,26.3,0,100,1,3,2.41,0,31,1,0,10.1,0.7,
1.77,110,214,214,0.17,44,194,61,8.7,12,1.08,1,2800,73,2044,2801,2611,0.55890375,100,26.4,0,100,1,3,2.41,0,25,1,2,10.1,0.7,
1.91,110,214,215,0.17,45,194,61,8.9,15,1.08,0,2800,73,2044,2801,2608,1.0451838,100,26.4,0,100,1,3,2.41,0,24,1,2,10.1,0.7,
2.01,110,215,215,0.18,46,194,62,9.0,14,1.07,0,2801,73,2044,2801,2605,0.8717922,100,26.4,0,100,1,3,2.41,0,26,1,1,10.1,0.7,
2.14,110,215,216,0.18,47,194,62,9.1,15,1.04,1,2801,73,2044,2801,2602,0.954054,100,26.4,0,100,1,3,2.41,0,37,0,-10,10.0,0.7,
2.24,110,215,216,0.18,48,194,62,9.2,12,1.05,0,2800,73,2044,2801,2600,0.51812553,100,26.4,0,100,1,3,2.41,0,44,0,-16,10.1,0.6,
2.37,110,216,216,0.18,50,195,62,9.3,9,1.1,0,2800,73,2044,2801,2601,0.016330687,100,26.4,0,100,1,3,2.41,0,44,-1,-15,10.6,0.4,
2.47,110,216,217,0.18,51,195,62,9.5,7,1.17,0,2800,74,2072,2800,2604,-0.39545143,100,26.4,0,100,1,3,2.41,0,40,0,-6,11.2,0.2,
2.61,110,216,217,0.18,52,195,62,9.9,7,1.26,1,2800,74,2072,2800,2606,-0.5374563,100,26.4,0,100,1,3,2.41,0,28,1,17,11.9,0.0,
2.71,110,216,217,0.18,53,195,62,10.2,10,1.29,1,2800,74,2072,2799,2606,-0.09792683,100,26.4,0,100,1,3,2.41,0,19,1,15,12.1,0.1,
2.84,110,216,217,0.18,54,195,62,10.6,15,1.24,1,2800,74,2072,2799,2600,0.78454757,100,26.4,0,100,1,3,2.41,0,28,2,-4,11.9,0.0,
2.94,110,217,217,0.18,55,195,63,10.9,15,1.21,1,2801,73,2044,2800,2594,0.6449202,100,26.4,0,100,1,3,2.41,0,34,2,-7,11.6,0.0,
3.07,110,217,217,0.18,57,196,63,11.2,17,1.19,1,2800,73,2044,2800,2590,0.926106,100,26.4,0,100,1,3,2.41,0,32,2,-4,11.3,0.1,
3.17,110,217,217,0.18,58,196,63,11.4,15,1.18,0,2801,73,2044,2801,2588,0.58661944,100,26.4,0,100,1,3,2.41,0,30,2,-3,11.1,0.1,
3.27,110,217,218,0.18,59,196,63,11.6,15,1.14,0,2801,73,2044,2801,2588,0.4851055,100,26.4,0,100,1,3,2.41,0,40,3,26,10.9,0.1,
3.41,110,217,218,0.18,61,196,63,11.8,13,1.13,1,2800,74,2072,2801,2590,0.2378247,100,26.4,0,100,1,3,2.41,0,51,17,46,11.0,0.3,
3.51,110,217,218,0.18,62,196,63,12.0,8,1.16,5,2800,74,2072,2801,2595,-0.6138702,100,26.5,0,100,1,3,2.41,0,55,24,40,11.4,0.7,
3.64,110,217,218,0.18,63,196,63,12.3,3,1.29,8,2800,74,2072,2801,2604,-1.5371293,100,26.5,0,100,1,3,2.41,0,36,22,23,12.2,1.3,
3.74,110,217,218,0.18,65,197,63,12.7,5,1.34,10,2800,74,2072,2800,2609,-1.2343965,100,26.5,0,100,1,3,2.41,0,30,16,10,12.7,1.8,
3.88,110,217,218,0.18,66,197,63,13.2,8,1.33,10,2799,74,2071,2799,2610,-0.92428714,100,26.5,0,100,1,3,2.41,0,42,7,-2,13.0,2.3,
3.97,110,217,218,0.18,68,197,64,13.6,9,1.34,9,2799,74,2071,2798,2608,-0.78044504,100,26.5,0,100,1,3,2.41,0,45,0,-33,13.1,2.5,
4.08,110,217,217,0.18,69,197,64,13.9,10,1.35,8,2800,74,2072,2798,2606,-0.6903215,100,26.4,0,100,1,3,2.41,0,45,-5,-30,13.3,2.4,
4.19,110,217,217,0.18,71,197,64,14.4,10,1.38,5,2799,74,2071,2798,2604,-0.7218581,100,26.4,0,100,1,3,2.41,0,39,-7,-3,13.5,2.1,
4.29,110,216,217,0.18,72,197,64,14.8,12,1.4,3,2799,74,2071,2798,2602,-0.45063823,100,26.4,0,100,1,3,2.41,0,29,-7,16,13.5,1.9,
4.42,110,216,217,0.18,74,197,64,15.4,16,1.34,1,2799,73,2043,2799,2599,0.14927034,100,26.4,0,100,1,3,2.41,0,33,-7,21,13.1,1.6,
4.54,110,216,216,0.18,76,198,64,15.7,17,1.29,0,2799,73,2043,2800,2597,0.27462503,100,26.4,0,100,1,3,2.41,0,37,-6,9,12.7,1.5,
4.64,110,215,216,0.18,78,198,64,16.0,17,1.26,1,2799,73,2043,2801,2597,0.1590793,100,26.4,0,100,1,3,2.41,0,36,-6,4,12.3,1.4,
4.77,110,215,216,0.18,80,198,64,16.4,17,1.22,2,2799,73,2043,2801,2601,0.034108717,100,26.4,0,100,1,3,2.41,0,33,-6,5,11.9,1.3,
4.93,110,215,216,0.18,81,198,64,16.6,16,1.21,2,2799,73,2043,2802,2604,-0.03049143,100,26.4,0,100,1,3,2.41,0,32,-5,5,11.7,1.2,
5.04,110,215,216,0.18,83,198,65,16.8,16,1.19,2,2799,73,2043,2802,2606,-0.050556272,100,26.4,0,100,1,3,2.41,0,31,-5,5,11.5,1.2,
5.10,110,215,215,0.18,84,198,65,16.9,17,1.17,2,2799,73,2043,2802,2608,-0.056312196,100,26.4,0,100,1,3,2.41,0,31,-5,4,11.3,1.1,
5.22,110,214,215,0.18,86,198,65,17.2,16,1.14,2,2799,73,2043,2801,2611,-0.19333307,100,26.4,0,100,1,3,2.41,0,30,-5,3,11.0,1.1,
5.32,110,214,215,0.18,88,199,65,17.4,16,1.12,2,2799,73,2043,2800,2611,-0.2159718,100,26.4,0,100,1,3,2.41,0,29,-4,3,10.8,1.0,
5.46,110,214,215,0.17,91,199,65,17.6,16,1.1,2,2799,73,2043,2800,2611,-0.30324838,100,26.4,0,100,1,3,2.41,0,28,-4,2,10.5,1.0,
5.56,110,214,215,0.17,92,199,65,17.7,16,1.09,2,2798,73,2042,2799,2609,-0.2726518,100,26.4,0,100,1,3,2.41,0,27,-4,2,10.4,1.0,
5.69,110,213,214,0.17,95,199,65,17.8,16,1.07,2,2798,73,2042,2799,2608,-0.3485117,100,26.4,0,100,1,3,2.41,0,27,-4,2,10.2,0.9,
5.80,110,213,214,0.17,97,199,65,17.9,16,1.06,2,2798,73,2042,2799,2606,-0.33031642,100,26.4,0,100,1,3,2.41,0,26,-3,2,10.1,0.9,
5.91,110,213,214,0.17,99,199,65,18.0,15,1.05,2,2798,73,2042,2799,2606,-0.44255963,100,26.4,0,100,1,3,2.41,0,26,-3,2,9.9,0.9,
6.02,110,213,214,0.17,101,200,66,18.1,16,1.04,2,2797,73,2042,2799,2606,-0.3655062,100,26.4,0,100,1,3,2.41,0,26,-3,2,9.8,0.8,
6.14,110,212,213,0.17,103,200,66,18.2,16,1.03,2,2797,73,2042,2800,2607,-0.40658465,100,26.4,0,100,1,3,2.41,0,25,-3,2,9.7,0.8,
6.24,110,212,213,0.17,105,200,66,18.3,16,1.02,2,2798,73,2043,2800,2608,-0.46768743,100,26.4,0,100,1,3,2.41,0,25,-3,1,9.6,0.8,
6.35,110,212,213,0.17,106,200,66,18.3,16,1.01,2,2798,73,2043,2800,2610,-0.37470192,100,26.4,0,100,1,3,2.41,0,24,-2,1,9.5,0.8,
6.44,110,212,213,0.17,108,200,66,18.4,16,1.0,2,2797,73,2042,2800,2611,-0.43599546,100,26.4,0,100,1,3,2.41,0,24,-2,1,9.5,0.8,
6.58,110,211,213,0.17,111,200,66,18.4,15,0.99,2,2798,73,2042,2800,2614,-0.51127774,100,26.4,0,100,1,3,2.41,0,24,-2,1,9.4,0.7,
6.68,110,211,212,0.17,112,200,66,18.4,16,0.99,2,2798,73,2042,2800,2615,-0.38426432,100,26.4,0,100,1,3,2.41,0,24,-2,1,9.3,0.7,
6.78,110,211,212,0.17,114,200,66,18.5,16,0.98,1,2797,72,2014,2800,2616,-0.48085374,100,26.4,0,100,1,3,2.41,0,23,-2,0,9.3,0.7,
6.90,110,211,212,0.17,117,201,66,18.5,16,0.97,1,2797,72,2014,2800,2617,-0.50077206,100,26.4,0,100,1,3,2.41,0,23,-2,0,9.2,0.7,
7.03,110,211,212,0.17,119,201,66,18.5,16,0.97,1,2797,72,2014,2800,2618,-0.5021259,100,26.4,0,100,1,3,2.41,0,23,-2,0,9.2,0.7,
7.12,110,210,212,0.17,121,201,67,18.5,16,0.97,1,2797,72,2014,2800,2618,-0.36503506,100,26.4,0,100,1,3,2.41,0,23,-2,0,9.2,0.7,
7.24,110,210,211,0.17,123,201,67,18.5,15,0.96,1,2797,72,2014,2800,2619,-0.5403988,100,26.4,0,100,1,3,2.41,0,23,-1,0,9.1,0.6,
7.35,110,210,211,0.17,125,201,67,18.5,16,0.96,1,2797,72,2014,2800,2619,-0.4703733,100,26.4,0,100,1,3,2.41,0,23,-1,-1,9.1,0.6,
7.46,110,210,211,0.17,127,201,67,18.5,15,0.95,1,2796,72,2013,2800,2620,-0.5447988,100,26.4,0,100,1,3,2.41,0,23,-1,0,9.1,0.6,
7.56,110,210,211,0.17,129,201,67,18.5,16,0.95,1,2796,72,2013,2800,2621,-0.4482339,100,26.3,0,100,1,3,2.41,0,22,-1,0,9.0,0.6,
7.66,110,209,211,0.17,131,202,67,18.5,16,0.95,1,2797,72,2014,2800,2621,-0.45347,100,26.3,0,100,1,3,2.41,0,22,-1,-1,9.0,0.5,
7.80,110,209,210,0.17,133,202,67,18.5,15,0.94,1,2797,72,2013,2800,2622,-0.5122031,100,26.3,0,100,1,3,2.41,0,22,-1,0,9.0,0.5,
7.87,110,209,210,0.17,135,202,67,18.5,16,0.94,1,2796,72,2013,2800,2623,-0.37390047,100,26.3,0,100,1,3,2.41,0,22,-1,-1,9.0,0.5,
8.02,110,209,210,0.17,137,202,67,18.5,16,0.94,1,2797,72,2013,2800,2625,-0.5074287,100,26.3,0,100,1,3,2.41,0,22,-1,-1,9.0,0.5,
8.11,110,209,210,0.17,139,202,67,18.5,16,0.94,1,2797,72,2013,2800,2626,-0.43511072,100,26.3,0,100,1,3,2.41,0,22,-1,-1,9.0,0.4,
8.21,110,208,210,0.17,141,202,68,18.5,16,0.93,1,2796,72,2013,2800,2627,-0.4100524,100,26.3,0,100,1,3,2.41,0,23,-1,-1,9.0,0.4,
8.35,110,208,210,0.17,143,202,68,18.5,16,0.93,1,2796,72,2013,2800,2628,-0.50734085,100,26.3,0,100,1,3,2.41,0,22,0,-2,9.0,0.4,
8.42,110,208,209,0.17,145,203,68,18.4,16,0.93,1,2795,72,2012,2800,2629,-0.35241613,100,26.3,0,100,1,3,2.41,0,22,0,-1,9.0,0.4,
8.54,110,208,209,0.17,147,203,68,18.4,16,0.93,1,2795,72,2012,2800,2629,-0.46046442,100,26.3,0,100,1,3,2.41,0,23,0,-1,9.0,0.4,
8.67,110,208,209,0.17,149,203,68,18.4,16,0.93,1,2795,72,2012,2800,2630,-0.4643872,100,26.3,0,100,1,3,2.41,0,22,0,-1,9.0,0.4,
8.78,110,208,209,0.17,151,203,68,18.4,16,0.93,1,2795,72,2013,2800,2630,-0.39213338,100,26.3,0,100,1,3,2.41,0,22,0,-1,9.0,0.4,
8.89,110,207,209,0.17,154,203,68,18.4,16,0.93,1,2795,72,2012,2800,2631,-0.48266813,100,26.3,0,100,1,3,2.41,0,23,0,-1,9.0,0.4,
8.99,110,207,209,0.17,156,203,68,18.3,16,0.93,1,2795,72,2012,2800,2632,-0.38815895,100,26.3,0,100,1,3,2.41,0,22,0,-1,9.0,0.4,
9.12,110,207,209,0.17,158,203,68,18.3,16,0.93,1,2795,72,2012,2800,2633,-0.42569304,100,26.3,0,100,1,3,2.41,0,22,0,-1,9.0,0.4,
9.22,110,207,208,0.17,160,204,69,18.3,16,0.93,1,2795,72,2013,2800,2634,-0.3640113,100,26.3,0,100,1,3,2.41,0,22,0,-1,9.0,0.4,
9.32,110,207,208,0.17,162,204,69,18.3,16,0.94,1,2795,72,2012,2800,2634,-0.3985312,100,26.3,0,100,1,3,2.41,0,16,0,6,9.0,0.4,
9.45,110,207,208,0.17,164,204,69,18.3,17,0.95,1,2795,72,2012,2800,2635,-0.17453499,100,26.3,0,100,1,3,2.41,0,7,1,11,8.9,0.4,
9.56,110,206,208,0.17,166,204,69,18.2,19,0.91,0,2795,72,2012,2800,2633,0.20004939,100,26.3,0,100,1,3,2.41,0,2,1,9,8.5,0.5,
9.65,110,206,208,0.17,168,204,69,18.2,21,0.85,0,2795,72,2012,2800,2631,0.51986957,100,26.3,0,100,1,3,2.41,0,5,1,-2,7.9,0.7,
9.79,110,206,208,0.17,170,204,69,18.0,22,0.77,0,2795,71,1984,2801,2628,0.61789566,100,26.3,0,100,1,3,2.41,0,12,0,-13,7.1,0.8,
9.89,110,206,208,0.17,172,204,69,17.8,20,0.7,0,2795,71,1984,2801,2627,0.43354157,100,26.3,0,100,1,3,2.41,0,23,0,-5,6.6,0.8,
9.99,110,206,208,0.17,173,204,69,17.5,19,0.68,0,2795,71,1984,2801,2627,0.18484506,100,26.3,0,100,1,3,2.41,0,30,0,2,6.4,0.8,
10.12,110,206,208,0.17,176,205,69,17.3,16,0.72,0,2795,71,1984,2801,2630,-0.13850191,100,26.3,0,100,1,3,2.41,0,21,0,3,6.6,0.8,
10.22,110,206,208,0.17,178,205,69,17.1,16,0.76,0,2795,72,2012,2801,2632,-0.23340152,100,26.3,0,100,1,3,2.41,0,14,0,1,6.8,0.7,
10.35,110,206,208,0.17,180,205,69,16.9,16,0.78,0,2794,72,2011,2800,2633,-0.19101387,100,26.3,0,100,1,3,2.41,0,16,0,1,7.1,0.7,
10.46,110,206,208,0.17,182,205,70,16.7,16,0.79,0,2794,72,2011,2800,2633,-0.10856434,100,26.3,0,100,1,3,2.41,0,17,0,2,7.2,0.7,
10.56,110,206,208,0.17,183,205,70,16.5,16,0.8,0,2794,72,2012,2800,2632,-0.10144169,100,26.3,0,100,1,3,2.41,0,18,0,1,7.4,0.7,
10.65,110,206,208,0.17,185,205,70,16.4,16,0.81,0,2794,72,2012,2800,2631,-0.073789224,100,26.3,0,100,1,3,2.41,0,17,0,1,7.6,0.7,
10.77,110,206,208,0.17,187,205,70,16.3,16,0.82,0,2794,72,2012,2800,2629,-0.06540943,100,26.3,0,100,1,3,2.41,0,18,0,1,7.7,0.7,
10.90,110,206,208,0.17,189,206,70,16.1,16,0.84,0,2793,72,2011,2800,2628,-0.03322936,100,26.3,0,100,1,3,2.41,0,19,0,1,7.9,0.7,
11.01,110,206,208,0.17,190,206,70,16.0,16,0.85,0,2794,72,2011,2800,2627,0.002045168,100,26.3,0,100,1,3,2.41,0,19,0,1,8.0,0.7,
11.10,110,207,208,0.17,192,206,70,16.0,16,0.85,0,2794,72,2011,2800,2626,0.029052943,100,26.3,0,100,1,3,2.41,0,19,0,1,8.1,0.7,
11.24,110,207,209,0.17,194,206,70,15.8,16,0.86,0,2794,72,2011,2800,2626,0.049831618,100,26.3,0,100,1,3,2.41,0,20,0,1,8.2,0.6,
11.34,110,207,209,0.17,196,206,70,15.8,16,0.87,0,2794,72,2011,2800,2626,0.06892255,100,26.3,0,100,1,3,2.41,0,18,0,1,8.2,0.6,
11.47,110,207,209,0.17,198,206,70,15.7,18,0.92,0,2794,72,2011,2801,2625,0.41289967,100,26.3,0,100,1,3,2.41,0,-9,-1,-8,8.1,0.6,
11.57,110,207,209,0.17,199,206,71,15.7,20,0.87,0,2793,72,2011,2801,2622,0.6611497,100,26.3,0,100,1,3,2.41,0,-10,-1,-12,7.6,0.6,
11.71,110,207,209,0.17,202,206,71,15.5,25,0.76,0,2793,72,2011,2801,2617,1.5565735,100,26.4,0,100,1,3,2.41,0,-4,-1,-10,6.6,0.5,
11.82,110,207,209,0.17,203,207,71,15.2,23,0.66,1,2793,71,1983,2801,2612,1.2486806,100,26.4,0,100,1,3,2.41,0,2,-1,-1,5.5,0.3,
11.92,110,207,209,0.17,205,207,71,14.9,22,0.59,1,2793,71,1983,2802,2610,1.1514516,100,26.4,0,100,1,3,2.41,0,6,0,11,4.8,0.2,
12.06,110,208,210,0.17,207,207,71,14.4,23,0.51,1,2792,72,2010,2802,2607,1.4298317,100,26.4,0,100,1,3,2.41,0,11,1,10,3.9,0.1,
12.15,110,208,210,0.17,208,207,71,13.9,19,0.48,1,2793,72,2011,2802,2606,0.7801102,100,26.4,0,100,1,3,2.41,0,12,1,0,3.6,0.2,
12.29,110,208,211,0.17,210,207,71,13.4,21,0.49,0,2794,72,2011,2802,2605,1.239438,100,26.5,0,100,1,3,2.41,0,8,1,-8,3.4,0.2,
12.39,110,209,211,0.17,211,207,71,12.9,19,0.49,0,2793,72,2011,2802,2603,0.9475645,100,26.5,0,100,1,3,2.41,0,7,0,-9,3.4,0.2,
12.52,110,209,211,0.17,213,207,71,12.4,19,0.51,0,2793,72,2011,2801,2600,1.1461176,100,26.5,0,100,1,3,2.41,0,3,0,-4,3.4,0.2,
12.62,110,210,212,0.17,214,208,71,12.0,19,0.52,0,2793,72,2011,2801,2596,1.1268517,100,26.5,0,100,1,3,2.41,0,-3,1,8,3.3,0.2,
12.72,110,210,212,0.17,216,208,71,11.5,20,0.5,0,2793,72,2010,2801,2591,1.4066164,100,26.5,0,100,1,3,2.41,0,-3,1,5,3.2,0.2,
12.84,110,211,213,0.17,217,208,72,11.0,20,0.48,0,2793,72,2010,2801,2586,1.508214,100,26.5,0,100,1,3,2.41,0,-2,1,2,2.9,0.3,
12.94,110,211,213,0.17,218,208,72,10.6,19,0.46,0,2793,72,2011,2801,2581,1.4552827,100,26.6,0,100,1,3,2.41,0,-1,1,0,2.7,0.3,
13.07,110,212,214,0.17,219,208,72,9.8,20,0.42,0,2793,72,2011,2801,2574,1.7397395,100,26.6,0,100,1,3,2.41,0,1,1,-2,2.3,0.4,
13.17,110,213,215,0.18,220,208,72,9.4,19,0.4,0,2793,72,2011,2802,2570,1.6059355,100,26.6,0,100,1,3,2.41,0,4,0,-4,2.1,0.5,
13.30,110,214,216,0.18,221,208,72,8.6,22,0.36,0,2793,72,2011,2802,2565,2.2216191,100,26.6,0,100,1,3,2.41,0,18,0,-2,2.0,0.5,
13.40,110,214,217,0.18,222,208,72,8.0,16,0.4,0,2792,73,2038,2802,2561,1.358869,100,26.7,0,100,1,3,2.41,0,18,0,0,2.3,0.5,
13.51,110,215,217,0.18,223,209,72,7.5,19,0.46,0,2794,73,2039,2802,2559,1.8182775,100,26.7,0,100,1,3,2.41,0,12,0,1,2.7,0.5,
13.60,110,216,218,0.18,224,209,72,7.1,18,0.52,0,2794,73,2039,2802,2556,1.7872767,100,26.7,0,100,1,3,2.41,0,8,0,0,3.2,0.5,
13.72,110,217,219,0.18,225,209,72,6.5,18,0.57,0,2792,73,2038,2802,2551,1.9068532,100,26.7,0,100,1,3,2.41,0,10,0,0,3.8,0.5,
13.84,110,217,220,0.18,225,209,72,6.2,16,0.6,0,2793,73,2038,2802,2547,1.6365806,100,26.8,0,100,1,3,2.41,0,12,0,0,4.1,0.5,
13.97,110,218,221,0.18,226,209,72,5.7,20,0.65,0,2792,73,2038,2802,2540,2.3605082,100,26.8,0,100,1,3,2.41,0,13,0,0,4.6,0.5,
14.08,110,219,222,0.18,227,209,73,5.4,14,0.68,0,2792,74,2066,2802,2535,1.4226245,100,26.8,0,100,1,3,2.41,0,13,0,0,5.0,0.5,
14.19,110,220,222,0.18,227,209,73,5.1,19,0.72,0,2794,74,2067,2802,2530,2.1557882,100,26.9,0,100,1,3,2.41,0,14,0,0,5.3,0.5,
14.29,110,221,223,0.18,228,209,73,4.8,17,0.74,0,2794,74,2067,2802,2525,1.9472286,100,26.9,0,100,1,3,2.41,0,14,0,0,5.5,0.5,
14.42,110,222,224,0.18,228,210,73,4.6,18,0.77,0,2793,74,2067,2802,2519,2.0872924,100,26.9,0,100,1,3,2.41,0,15,0,0,5.8,0.5,
14.52,110,223,225,0.18,229,210,73,4.4,16,0.83,0,2793,74,2067,2802,2514,1.8690306,100,26.9,0,100,1,3,2.41,0,3,-1,-18,6.0,0.5,
14.65,110,224,226,0.18,229,210,73,4.2,20,0.82,0,2793,74,2067,2802,2505,2.4999282,100,27.0,0,100,1,3,2.41,0,-5,-3,-23,5.8,0.3,
14.76,110,225,227,0.19,230,210,73,4.0,20,0.78,1,2794,74,2067,2802,2499,2.5266945,100,27.0,0,100,1,3,2.41,0,-3,-3,-16,5.4,0.1,
14.89,110,226,228,0.19,230,210,73,3.7,26,0.69,2,2793,74,2067,2803,2489,3.5239987,100,27.0,0,100,1,3,2.41,0,3,-1,5,4.6,0.3,
14.99,110,227,229,0.19,231,210,73,3.3,17,0.63,2,2794,74,2068,2803,2482,2.1541324,100,27.1,0,100,1,3,2.41,0,7,0,23,4.0,0.5,
15.12,110,228,230,0.19,231,210,73,2.9,26,0.55,2,2794,75,2095,2803,2476,3.5177028,100,27.1,0,100,1,3,2.41,0,18,2,8,3.5,0.4,
15.22,110,229,231,0.19,231,210,73,2.4,19,0.55,1,2794,75,2096,2803,2471,2.4720786,100,27.2,0,100,1,3,2.41,0,23,1,-11,3.4,0.4,
15.32,110,230,232,0.19,231,211,73,2.0,16,0.61,1,2793,75,2095,2803,2467,2.088783,100,27.2,0,100,1,3,2.41,0,16,1,-14,3.7,0.3,
15.42,110,231,233,0.19,232,211,74,1.7,18,0.66,1,2794,75,2095,2803,2464,2.5291743,100,27.2,0,100,1,3,2.41,0,11,1,-9,4.0,0.3,
15.56,110,232,235,0.19,232,211,74,1.3,21,0.71,1,2794,75,2096,2803,2457,3.0331955,100,27.3,0,100,1,3,2.41,0,11,1,-4,4.5,0.3,
15.66,110,233,236,0.19,232,211,74,1.0,13,0.74,1,2793,76,2123,2802,2451,1.858562,100,27.3,0,100,1,3,2.41,0,13,1,-5,4.7,0.2,
15.77,110,234,237,0.19,232,211,74,0.8,20,0.77,0,2794,76,2123,2802,2444,2.9347084,100,27.4,0,100,1,3,2.41,0,14,1,-6,4.9,0.2,
15.88,110,235,238,0.19,232,211,74,0.6,18,0.79,0,2794,76,2123,2802,2437,2.5495467,100,27.4,0,100,1,3,2.41,0,14,1,-6,5.1,0.2,
16.00,110,236,239,0.20,232,211,74,0.3,17,0.82,0,2794,76,2123,2802,2428,2.4265003,100,27.4,0,100,1,3,2.41,0,14,1,-5,5.3,0.2,
16.07,110,237,240,0.20,232,211,74,0.2,15,0.84,0,2794,76,2123,2802,2423,2.1444538,100,27.5,0,100,1,3,2.41,0,14,1,-5,5.5,0.2,
16.19,110,238,241,0.20,232,212,74,0.1,20,0.86,0,2795,76,2124,2802,2416,2.973148,100,27.5,0,100,1,3,2.41,0,15,1,-5,5.6,0.2,
16.33,110,240,242,0.20,232,212,74,-0.1,19,0.89,0,2795,76,2124,2802,2408,2.7934697,100,27.5,0,100,1,3,2.41,0,15,1,-5,5.8,0.2,
16.41,110,241,243,0.20,232,212,74,-0.2,14,0.9,0,2795,76,2124,2803,2403,2.1234865,100,27.6,0,100,1,3,2.41,0,15,1,-5,5.8,0.2,
16.53,110,242,244,0.20,232,212,74,-0.3,20,0.91,0,2795,77,2152,2803,2398,2.9440095,100,27.6,0,100,1,3,2.41,0,15,1,-5,5.9,0.2,
16.70,110,243,246,0.20,232,212,74,-0.4,13,0.93,0,2795,77,2152,2803,2392,1.9510683,100,27.6,0,100,1,3,2.41,0,15,1,-5,6.0,0.2,
16.83,110,244,247,0.20,232,212,75,-0.5,25,0.95,0,2794,77,2151,2803,2384,3.6962583,100,27.7,0,100,1,3,2.41,0,16,2,-4,6.1,0.1,
16.95,110,246,248,0.20,232,212,75,-0.5,19,0.96,0,2794,77,2151,2803,2377,2.808412,100,27.8,0,100,1,3,2.41,0,16,2,-5,6.1,0.1,
17.04,110,247,249,0.20,232,212,75,-0.6,17,0.97,0,2795,77,2152,2803,2371,2.4457922,100,27.8,0,100,1,3,2.41,0,16,2,-5,6.1,0.1,
17.17,110,248,251,0.20,232,213,75,-0.6,20,0.99,0,2795,77,2152,2803,2364,2.936359,100,27.8,0,100,1,3,2.41,0,16,2,-4,6.1,0.1,
17.27,110,249,252,0.21,232,213,75,-0.6,17,0.99,0,2795,78,2180,2802,2358,2.4637887,100,27.9,0,100,1,3,2.41,0,16,2,-4,6.1,0.1,
17.37,110,250,253,0.21,232,213,75,-0.6,19,1.0,0,2795,78,2180,2802,2352,2.718079,100,27.9,0,100,1,3,2.41,0,16,2,-4,6.1,0.1,
17.50,110,251,254,0.21,232,213,75,-0.6,19,1.01,0,2795,78,2180,2802,2345,2.7428656,100,27.9,0,100,1,3,2.41,0,16,2,-3,6.1,0.1,
17.60,110,252,255,0.21,232,213,75,-0.6,17,1.01,0,2795,78,2180,2802,2339,2.4457247,100,28.0,0,100,1,3,2.41,0,16,2,-3,6.1,0.1,
17.74,110,253,256,0.21,232,213,75,-0.5,19,1.02,0,2795,78,2180,2803,2331,2.7530713,100,28.0,0,100,1,3,2.41,0,16,2,-3,6.1,0.0,
17.84,110,254,257,0.21,232,213,75,-0.5,17,1.02,0,2796,78,2181,2803,2327,2.3714457,100,28.1,0,100,1,3,2.41,0,18,2,-3,6.1,0.0,
17.97,110,255,258,0.21,231,213,75,-0.5,21,1.03,0,2795,78,2180,2803,2320,2.9882767,100,28.1,0,100,1,3,2.41,0,22,2,-2,6.2,0.1,
18.07,110,256,259,0.21,231,213,75,-0.4,12,1.06,0,2796,78,2180,2803,2316,1.6489373,100,28.2,0,100,1,3,2.41,0,23,2,7,6.4,0.1,
18.20,110,257,260,0.21,231,214,76,-0.3,18,1.11,0,2796,79,2209,2802,2312,2.5274076,100,28.2,0,100,1,3,2.41,0,26,2,9,6.7,0.2,
18.30,110,258,261,0.21,231,214,76,-0.2,12,1.16,1,2796,79,2208,2802,2309,1.6447151,100,28.2,0,100,1,3,2.41,0,27,2,6,7.1,0.4,
18.44,110,259,262,0.21,231,214,76,0.1,12,1.25,1,2796,79,2209,2802,2305,1.6200823,100,28.3,0,100,1,3,2.41,0,24,2,-7,7.7,0.6,
18.54,110,260,263,0.21,231,214,76,0.4,10,1.3,1,2796,79,2209,2801,2302,1.3575901,100,28.3,0,100,1,3,2.41,0,27,1,3,8.1,0.8,
18.67,110,261,264,0.22,231,214,76,0.9,12,1.37,2,2796,79,2209,2801,2297,1.4600089,100,28.3,0,100,1,3,2.41,0,26,1,3,8.5,0.9,
18.77,110,262,265,0.22,232,214,76,1.3,11,1.43,2,2797,79,2209,2801,2293,1.3657314,100,28.3,0,100,1,3,2.41,0,19,1,-1,8.7,1.0,
18.91,110,263,266,0.22,232,214,76,1.9,15,1.39,2,2797,79,2210,2801,2285,1.8155638,100,28.4,0,100,1,3,2.41,0,36,0,-5,8.8,1.0,
19.00,110,263,266,0.22,232,214,76,2.2,12,1.42,1,2796,79,2209,2801,2282,1.3681519,100,28.4,0,100,1,3,2.41,0,37,0,11,9.0,1.0,
19.10,110,264,267,0.22,232,215,76,2.7,9,1.49,1,2796,80,2237,2801,2281,0.8813724,100,28.4,0,100,1,3,2.41,0,32,0,11,9.4,1.0,
19.24,110,265,268,0.22,233,215,76,3.6,11,1.59,1,2796,80,2237,2801,2280,1.0540378,100,28.4,0,100,1,3,2.41,0,16,0,1,9.7,1.0,
19.34,110,265,268,0.22,233,215,76,4.1,16,1.56,1,2796,80,2237,2801,2276,1.5871943,100,28.4,0,100,1,3,2.41,0,18,0,1,9.5,1.1,
19.47,110,266,269,0.22,234,215,76,4.8,24,1.46,1,2796,80,2237,2801,2267,2.593481,100,28.5,0,100,1,3,2.41,0,25,0,4,8.9,1.0,
19.57,110,266,269,0.22,234,215,76,5.3,16,1.41,1,2797,80,2238,2802,2262,1.4598144,100,28.5,0,100,1,3,2.41,0,24,0,5,8.5,1.0,
19.69,110,267,270,0.22,235,215,77,5.7,21,1.38,1,2796,80,2237,2802,2259,1.9820007,100,28.5,0,100,1,3,2.41,0,22,0,4,8.2,1.0,
19.83,110,267,270,0.22,235,215,77,6.3,20,1.34,1,2796,80,2237,2802,2256,1.8405057,100,28.5,0,100,1,3,2.41,0,20,0,4,7.8,1.0,
19.91,110,268,271,0.22,236,215,77,6.6,17,1.32,1,2797,80,2237,2803,2254,1.4128774,100,28.6,0,100,1,3,2.41,0,20,0,3,7.6,1.0,
20.02,110,268,271,0.22,237,215,77,6.9,21,1.29,1,2797,80,2237,2802,2253,1.8063456,100,28.6,0,100,1,3,2.41,0,19,-1,3,7.4,1.0,
20.16,110,269,272,0.22,238,216,77,7.3,20,1.26,1,2797,80,2238,2802,2249,1.6886733,100,28.7,0,100,1,3,2.41,0,18,-1,3,7.1,1.0,
20.25,110,269,272,0.22,239,216,77,7.6,18,1.25,0,2796,80,2237,2802,2247,1.4072728,100,28.7,0,100,1,3,2.41,0,18,-1,3,6.9,1.0,
20.35,110,270,273,0.22,239,216,77,7.8,19,1.22,0,2797,80,2238,2801,2243,1.5154898,100,28.7,0,100,1,3,2.41,0,17,-1,2,6.7,1.0,
20.49,110,270,273,0.22,240,216,77,8.2,20,1.2,0,2797,80,2238,2801,2238,1.4960905,100,28.7,0,100,1,3,2.41,0,17,-1,2,6.5,0.9,
20.59,110,271,274,0.22,241,216,77,8.3,18,1.18,0,2797,80,2238,2801,2235,1.2242221,100,28.7,0,100,1,3,2.41,0,19,-1,0,6.4,0.9,
20.72,110,271,274,0.22,242,216,77,8.6,20,1.18,0,2797,80,2238,2801,2230,1.5263705,100,28.8,0,100,1,3,2.41,0,17,-1,2,6.3,0.9,
20.82,110,272,275,0.22,243,216,77,8.8,16,1.18,0,2796,80,2237,2801,2227,0.88787645,100,28.8,0,100,1,3,2.41,0,15,-1,3,6.2,0.8,
20.92,110,272,275,0.22,244,216,77,9.0,19,1.15,0,2796,80,2237,2801,2225,1.239971,100,28.8,0,100,1,3,2.41,0,22,-1,-6,6.1,0.8,
21.05,110,272,276,0.23,245,216,77,9.2,18,1.18,0,2797,80,2238,2801,2222,1.1819915,100,28.8,0,100,1,3,2.41,0,21,-1,-1,6.2,0.6,
21.15,110,273,276,0.23,246,217,77,9.5,14,1.2,1,2797,80,2238,2801,2221,0.56852674,100,28.8,0,100,1,3,2.41,0,23,-1,4,6.4,0.5,
21.25,110,273,276,0.23,247,217,78,9.7,15,1.23,1,2797,80,2238,2801,2221,0.66181076,100,28.9,0,100,1,3,2.41,0,23,-1,4,6.6,0.5,
21.39,110,274,277,0.23,249,217,78,10.1,15,1.3,1,2796,80,2237,2801,2220,0.6539785,100,28.9,0,100,1,3,2.41,0,17,0,0,6.9,0.4,
21.49,110,274,277,0.23,249,217,78,10.4,14,1.32,1,2796,80,2237,2800,2218,0.47502166,100,28.9,0,100,1,3,2.41,0,14,0,-1,7.0,0.4,
21.62,110,274,278,0.23,251,217,78,10.8,19,1.29,1,2797,80,2237,2800,2214,1.0857553,100,28.9,0,100,1,3,2.41,0,15,0,-1,6.8,0.3,
21.72,110,274,278,0.23,252,217,78,11.1,18,1.26,1,2797,80,2237,2800,2211,0.9260156,100,28.9,0,100,1,3,2.41,0,17,0,-2,6.6,0.3,
21.85,110,275,278,0.23,254,217,78,11.5,19,1.23,1,2797,80,2237,2801,2207,1.0032196,100,28.9,0,100,1,3,2.41,0,17,0,-2,6.4,0.3,
21.95,110,275,278,0.23,255,217,78,11.7,18,1.21,1,2797,80,2237,2801,2205,0.85245156,100,28.9,0,100,1,3,2.41,0,16,0,-2,6.2,0.3,
22.05,110,275,279,0.23,256,217,78,11.9,19,1.19,1,2796,80,2237,2801,2204,0.90853524,100,28.9,0,100,1,3,2.41,0,16,0,-2,6.1,0.3,
22.19,110,276,279,0.23,257,218,78,12.2,19,1.17,1,2797,80,2237,2801,2203,0.8748345,100,29.0,0,100,1,3,2.41,0,15,0,-2,5.9,0.3,
22.30,110,276,279,0.23,259,218,78,12.4,18,1.15,0,2796,80,2237,2801,2202,0.75444263,100,29.0,0,100,1,3,2.41,0,15,0,-2,5.8,0.3,
22.41,110,276,280,0.23,260,218,78,12.6,19,1.14,0,2797,80,2237,2801,2201,0.7492144,100,29.0,0,100,1,3,2.41,0,15,0,-2,5.6,0.3,
22.51,110,276,280,0.23,261,218,78,12.7,19,1.13,0,2797,80,2237,2801,2200,0.74189,100,29.0,0,100,1,3,2.41,0,15,0,-2,5.5,0.3,
22.63,110,277,280,0.23,263,218,78,12.9,20,1.11,0,2797,80,2237,2801,2198,0.8618726,100,29.0,0,100,1,3,2.41,0,15,0,-2,5.4,0.3,
22.74,110,277,280,0.23,264,218,78,13.1,18,1.1,0,2796,80,2237,2801,2195,0.611194,100,29.1,0,100,1,3,2.41,0,14,0,-2,5.3,0.3,
22.85,110,277,281,0.23,266,218,79,13.2,19,1.09,0,2796,80,2236,2801,2194,0.6725466,100,29.1,0,100,1,3,2.41,0,14,0,-2,5.2,0.3,
22.97,110,277,281,0.23,267,218,79,13.3,19,1.08,0,2796,80,2237,2801,2191,0.7600957,100,29.1,0,100,1,3,2.41,0,14,0,-2,5.1,0.3,
23.07,110,277,281,0.23,269,218,79,13.4,18,1.07,0,2797,80,2237,2801,2189,0.5715372,100,29.1,0,100,1,3,2.41,0,13,0,-2,5.0,0.3,
23.18,110,278,281,0.23,270,219,79,13.5,18,1.07,0,2796,80,2237,2801,2187,0.6261776,100,29.1,0,100,1,3,2.41,0,13,0,-2,5.0,0.3,
23.29,110,278,282,0.23,272,219,79,13.6,19,1.06,0,2796,80,2237,2801,2186,0.7076416,100,29.1,0,100,1,3,2.41,0,13,0,-2,4.9,0.3,
23.39,110,278,282,0.23,273,219,79,13.7,18,1.05,0,2796,80,2237,2801,2185,0.5962777,100,29.1,0,100,1,3,2.41,0,13,0,-2,4.8,0.3,
23.52,110,278,282,0.23,275,219,79,13.8,19,1.04,0,2796,80,2237,2801,2183,0.61623144,100,29.1,0,100,1,3,2.41,0,13,0,-2,4.8,0.3,
23.62,110,279,282,0.23,276,219,79,13.9,18,1.03,0,2796,80,2237,2801,2182,0.53459156,100,29.1,0,100,1,3,2.41,0,13,0,-2,4.7,0.3,
23.75,110,279,283,0.23,278,219,79,13.9,18,1.0,0,2796,81,2265,2801,2181,0.5583625,100,29.2,0,100,1,3,2.41,0,22,0,-13,4.7,0.3,
23.85,110,279,283,0.23,280,219,79,14.0,16,1.04,0,2796,81,2265,2801,2181,0.24804816,100,29.2,0,100,1,3,2.41,0,24,0,-12,4.9,0.2,
23.99,110,279,283,0.23,281,219,79,14.2,14,1.16,1,2796,81,2264,2800,2182,-0.026988171,100,29.2,0,100,1,3,2.41,0,15,0,6,5.5,0.0,
24.09,110,279,283,0.23,283,219,79,14.3,14,1.22,1,2795,81,2264,2800,2183,0.015477553,100,29.2,0,100,1,3,2.41,0,9,1,4,5.7,0.0,
24.22,110,279,283,0.23,285,219,79,14.7,18,1.19,1,2795,81,2264,2800,2180,0.36288413,100,29.2,0,100,1,3,2.41,0,16,1,-2,5.8,0.0,
24.32,110,280,283,0.23,286,220,79,14.8,17,1.19,1,2796,81,2265,2800,2178,0.23829465,100,29.2,0,100,1,3,2.41,0,15,1,-5,5.8,0.1,
24.45,110,280,284,0.23,288,220,79,15.2,19,1.18,0,2796,81,2265,2800,2175,0.44998714,100,29.2,0,100,1,3,2.41,0,14,1,-5,5.7,0.1,
24.55,110,280,284,0.23,290,220,80,15.4,18,1.16,0,2796,81,2265,2800,2173,0.2852342,100,29.2,0,100,1,3,2.41,0,14,1,-3,5.6,0.1,
24.69,110,280,284,0.23,292,220,80,15.6,20,1.14,0,2795,81,2264,2800,2172,0.4975327,100,29.2,0,100,1,3,2.41,0,14,1,-3,5.4,0.1,
24.79,110,280,284,0.23,294,220,80,15.7,18,1.12,0,2796,81,2265,2801,2172,0.34653035,100,29.2,0,100,1,3,2.41,0,14,1,-3,5.3,0.2,
24.92,110,280,284,0.23,295,220,80,15.9,19,1.1,0,2796,81,2264,2801,2172,0.35706204,100,29.2,0,100,1,3,2.41,0,14,1,-3,5.1,0.2,
25.03,110,280,284,0.23,297,220,80,16.0,18,1.09,0,2796,81,2265,2801,2172,0.29548416,100,29.2,0,100,1,3,2.41,0,13,1,-3,5.0,0.2,
25.14,110,280,284,0.23,299,220,80,16.2,19,1.08,0,2795,81,2264,2801,2172,0.28923106,100,29.2,0,100,1,3,2.41,0,13,1,-3,4.9,0.2,
25.25,110,280,284,0.23,301,220,80,16.2,19,1.07,0,2795,81,2264,2801,2172,0.2908765,100,29.3,0,100,1,3,2.41,0,13,1,-3,4.9,0.2,
25.36,110,280,284,0.23,303,221,80,16.4,19,1.06,0,2795,81,2264,2800,2171,0.32472822,100,29.3,0,100,1,3,2.41,0,13,1,-2,4.8,0.2,
25.47,110,280,285,0.23,304,221,80,16.5,18,1.05,0,2796,81,2264,2800,2169,0.23136233,100,29.3,0,100,1,3,2.41,0,12,1,-2,4.7,0.2,
25.58,110,281,285,0.23,306,221,80,16.5,19,1.04,0,2795,81,2264,2800,2168,0.24947879,100,29.3,0,100,1,3,2.41,0,13,1,-2,4.6,0.2,
25.69,110,281,285,0.23,308,221,80,16.6,19,1.03,0,2795,81,2264,2800,2167,0.2841052,100,29.3,0,100,1,3,2.41,0,12,1,-2,4.6,0.2,
25.79,110,281,285,0.23,310,221,80,16.6,18,1.02,0,2795,81,2264,2800,2166,0.22920237,100,29.3,0,100,1,3,2.41,0,12,1,-2,4.5,0.2,
25.92,110,281,285,0.23,312,221,80,16.7,19,1.02,0,2795,81,2264,2800,2165,0.23491272,100,29.3,0,100,1,3,2.41,0,12,1,-2,4.5,0.3,
26.02,110,281,285,0.23,314,221,80,16.8,18,1.01,0,2795,81,2264,2800,2164,0.2020097,100,29.3,0,100,1,3,2.41,0,12,1,-2,4.4,0.3,
26.15,110,281,285,0.23,316,221,80,16.8,19,1.01,0,2795,81,2264,2800,2163,0.21363322,100,29.3,0,100,1,3,2.41,0,12,1,-2,4.4,0.3,
26.25,110,281,285,0.23,317,221,81,16.8,18,1.0,0,2795,81,2264,2800,2163,0.1892728,100,29.3,0,100,1,3,2.41,0,12,1,-2,4.4,0.3,
26.39,110,281,285,0.23,320,221,81,16.9,19,1.0,0,2795,81,2264,2800,2162,0.20428315,100,29.3,0,100,1,3,2.41,0,12,1,-2,4.3,0.3,
26.49,110,281,285,0.23,321,222,81,16.9,18,1.0,0,2794,81,2263,2800,2162,0.17899212,100,29.3,0,100,1,3,2.41,0,11,1,-2,4.3,0.3,
26.62,110,281,286,0.23,324,222,81,16.9,19,0.99,0,2794,81,2263,2800,2162,0.23528402,100,29.3,0,100,1,3,2.41,0,11,1,-2,4.3,0.3,
26.72,110,281,286,0.23,325,222,81,17.0,18,0.99,0,2795,81,2264,2800,2161,0.12726597,100,29.3,0,100,1,3,2.41,0,12,1,-2,4.2,0.3,
26.85,110,281,286,0.23,328,222,81,17.0,19,0.99,0,2795,81,2264,2800,2160,0.221695,100,29.3,0,100,1,3,2.41,0,11,1,-3,4.2,0.3,
26.95,110,281,286,0.23,329,222,81,17.0,18,0.98,0,2795,81,2264,2800,2159,0.16088845,100,29.3,0,100,1,3,2.41,0,13,0,-3,4.2,0.2,
27.09,110,281,286,0.23,332,222,81,17.0,18,0.99,0,2794,81,2263,2800,2159,0.13258992,100,29.3,0,100,1,3,2.41,0,13,0,-4,4.2,0.2,
27.19,110,282,286,0.23,333,222,81,17.0,18,1.0,0,2794,81,2263,2800,2158,0.09600118,100,29.3,0,100,1,3,2.41,0,11,0,-2,4.3,0.2,
27.32,110,282,286,0.23,335,222,81,17.1,18,1.0,0,2794,81,2263,2800,2158,0.13394523,100,29.4,0,100,1,3,2.41,0,11,1,-2,4.3,0.2,
27.42,110,282,286,0.23,337,222,81,17.1,18,1.0,0,2794,81,2263,2800,2157,0.1442072,100,29.4,0,100,1,3,2.41,0,12,1,-2,4.3,0.2,
27.52,110,282,286,0.23,339,222,81,17.1,18,0.98,0,2794,81,2263,2800,2157,0.14762153,100,29.4,0,100,1,3,2.41,0,16,0,-7,4.3,0.2,
27.65,110,282,286,0.23,341,223,81,17.2,17,1.0,0,2794,81,2263,2800,2156,-0.012354172,100,29.4,0,100,1,3,2.41,0,20,0,-8,4.4,0.1,
27.75,110,282,286,0.23,343,223,81,17.2,16,1.07,0,2794,81,2263,2800,2157,-0.19165999,100,29.4,0,100,1,3,2.41,0,13,0,-1,4.7,0.1,
27.89,110,282,287,0.23,345,223,81,17.4,16,1.11,0,2793,81,2262,2800,2158,-0.14125225,100,29.4,0,100,1,3,2.41,0,9,1,0,5.0,0.0,
27.99,110,282,287,0.23,347,223,81,17.5,18,1.09,0,2793,81,2262,2800,2157,0.044114307,100,29.4,0,100,1,3,2.41,0,14,1,-4,4.9,0.0,
28.09,110,282,287,0.23,349,223,81,17.6,18,1.08,0,2794,81,2263,2800,2156,0.035978854,100,29.4,0,100,1,3,2.41,0,15,1,-5,4.9,0.0,
28.22,110,282,287,0.23,351,223,82,17.8,18,1.09,0,2794,81,2263,2800,2155,-0.015917568,100,29.4,0,100,1,3,2.41,0,12,1,-4,4.9,0.0,
28.32,110,282,287,0.23,353,223,82,17.9,18,1.09,0,2794,81,2263,2800,2155,0.018163776,100,29.4,0,100,1,3,2.41,0,12,1,-3,4.9,0.0,
28.42,110,282,287,0.23,355,223,82,18.0,18,1.08,0,2793,81,2262,2800,2154,0.04274411,100,29.4,0,100,1,3,2.41,0,13,1,-4,4.8,0.0,
28.55,110,282,287,0.23,357,223,82,18.1,18,1.06,0,2793,81,2262,2800,2154,0.030670436,100,29.4,0,100,1,3,2.41,0,13,1,-4,4.7,0.0,
28.65,110,282,287,0.23,359,223,82,18.2,18,1.06,0,2793,81,2262,2800,2154,0.017590752,100,29.4,0,100,1,3,2.41,0,13,1,-4,4.7,0.0,
28.77,110,282,287,0.23,361,223,82,18.3,18,1.05,0,2793,81,2262,2800,2154,0.0024794736,100,29.4,0,100,1,3,2.41,0,13,1,-4,4.6,0.0,
28.90,110,282,287,0.23,363,224,82,18.4,18,1.04,0,2793,81,2262,2800,2154,-0.02263598,100,29.4,0,100,1,3,2.41,0,12,1,-4,4.6,0.0,
29.00,110,282,287,0.23,365,224,82,18.5,18,1.03,0,2792,81,2262,2800,2154,-0.014086343,100,29.4,0,100,1,3,2.41,0,13,1,-4,4.5,0.0,
29.10,110,282,287,0.23,367,224,82,18.5,18,1.03,0,2792,81,2262,2800,2154,-0.026830386,100,29.4,0,100,1,3,2.41,0,12,1,-4,4.5,0.0,
29.24,110,282,287,0.23,370,224,82,18.6,18,1.01,0,2793,81,2262,2800,2154,-0.040440977,100,29.4,0,100,1,3,2.41,0,15,1,-7,4.5,0.0,
29.34,110,282,287,0.23,372,224,82,18.6,18,1.02,0,2792,81,2262,2800,2154,-0.09428525,100,29.4,0,100,1,3,2.41,0,15,1,-8,4.5,0.0,
29.44,110,282,287,0.23,373,224,82,18.7,17,1.04,0,2792,81,2261,2800,2154,-0.16536435,100,29.4,0,100,1,3,2.41,0,12,1,-3,4.6,0.1,
29.57,110,282,287,0.23,376,224,82,18.8,17,1.04,0,2793,81,2262,2800,2154,-0.1684737,100,29.4,0,100,1,3,2.41,0,14,1,-5,4.6,0.1,
29.67,110,281,287,0.23,378,224,82,18.8,17,1.04,0,2792,81,2262,2800,2154,-0.19227841,100,29.4,0,100,1,3,2.41,0,17,1,-10,4.7,0.1,
29.80,110,281,287,0.23,380,224,82,19.0,16,1.09,0,2791,81,2261,2800,2154,-0.33356282,100,29.4,0,100,1,3,2.41,0,14,1,-7,4.9,0.2,
29.90,110,281,287,0.23,382,224,82,19.1,17,1.1,0,2791,81,2261,2800,2155,-0.28236836,100,29.4,0,100,1,3,2.41,0,14,1,-6,5.0,0.3,
30.04,110,281,287,0.23,385,225,82,19.3,17,1.12,1,2791,81,2261,2800,2155,-0.3279909,100,29.4,0,100,1,3,2.41,0,12,1,-1,5.1,0.3,
30.14,110,281,286,0.23,387,225,83,19.4,18,1.11,1,2791,81,2261,2800,2154,-0.14631176,100,29.4,0,100,1,3,2.41,0,12,2,-3,5.1,0.3,
30.25,110,281,286,0.23,389,225,83,19.6,18,1.09,0,2791,81,2261,2800,2154,-0.14453617,100,29.4,0,100,1,3,2.41,0,13,2,-6,5.0,0.3,
30.39,110,281,286,0.23,391,225,83,19.7,18,1.07,0,2792,81,2261,2800,2154,-0.16747716,100,29.4,0,100,1,3,2.41,0,13,2,-6,4.8,0.2,
30.49,110,281,286,0.23,393,225,83,19.8,19,1.06,0,2792,81,2261,2800,2154,-0.15287638,100,29.4,0,100,1,3,2.41,0,13,2,-6,4.8,0.2,
30.59,110,281,286,0.23,396,225,83,19.9,18,1.05,0,2792,81,2261,2800,2154,-0.18836252,100,29.4,0,100,1,3,2.41,0,12,2,-5,4.7,0.2,
30.72,110,281,286,0.23,398,225,83,20.0,18,1.03,0,2792,81,2261,2800,2155,-0.20920606,100,29.4,0,100,1,3,2.41,0,12,2,-5,4.6,0.2,
30.83,110,281,286,0.23,400,225,83,20.0,18,1.03,0,2792,81,2261,2800,2155,-0.1883564,100,29.4,0,100,1,3,2.41,0,12,2,-5,4.6,0.1,
30.94,110,280,286,0.23,403,225,83,20.1,18,1.02,0,2791,81,2261,2800,2156,-0.23329054,100,29.4,0,100,1,3,2.41,0,12,2,-4,4.5,0.1,
31.04,110,280,286,0.23,405,225,83,20.1,18,1.01,0,2791,81,2260,2800,2156,-0.21597414,100,29.4,0,100,1,3,2.41,0,11,2,-4,4.4,0.1,
31.14,110,280,286,0.23,406,225,83,20.1,19,1.0,0,2791,81,2260,2800,2156,-0.18764642,100,29.4,0,100,1,3,2.41,0,12,2,-4,4.4,0.1,
31.27,110,280,286,0.23,409,226,83,20.2,18,1.0,0,2791,81,2261,2800,2156,-0.25774956,100,29.4,0,100,1,3,2.41,0,11,1,-4,4.3,0.0,
31.37,110,280,286,0.23,411,226,83,20.2,19,0.99,0,2790,81,2260,2800,2156,-0.2007529,100,29.4,0,100,1,3,2.41,0,11,1,-3,4.3,0.0,
31.47,110,280,286,0.23,413,226,83,20.2,19,0.98,0,2790,81,2260,2800,2156,-0.19258448,100,29.4,0,100,1,3,2.41,0,12,1,-3,4.3,0.0,
31.60,110,280,285,0.23,416,226,83,20.2,18,0.98,0,2790,81,2260,2800,2156,-0.2642904,100,29.4,0,100,1,3,2.41,0,11,1,-3,4.2,0.0,
31.70,110,280,285,0.23,418,226,83,20.2,19,0.97,0,2790,81,2260,2800,2156,-0.20509593,100,29.4,0,100,1,3,2.41,0,11,1,-3,4.2,0.1,
31.80,110,280,285,0.23,420,226,83,20.2,18,0.97,0,2790,81,2259,2800,2156,-0.22927842,100,29.4,0,100,1,3,2.41,0,11,1,-3,4.2,0.1,
31.90,110,280,285,0.23,422,226,83,20.2,19,0.97,0,2790,81,2260,2800,2156,-0.19906165,100,29.4,0,100,1,3,2.41,0,11,1,-3,4.2,0.1,
32.04,110,279,285,0.23,425,226,83,20.2,18,0.96,0,2790,81,2259,2800,2157,-0.2718545,100,29.4,0,100,1,3,2.41,0,11,1,-3,4.1,0.1,
32.14,110,279,285,0.23,427,226,84,20.2,19,0.96,0,2789,81,2259,2800,2157,-0.17911182,100,29.4,0,100,1,3,2.41,0,11,1,-3,4.1,0.2,
32.29,110,279,285,0.23,428,226,84,20.2,19,0.96,0,2789,81,2259,2800,2157,-0.18681175,100,29.4,0,100,1,3,2.41,0,11,1,-3,4.1,0.2,
32.35,110,279,285,0.23,428,226,84,20.2,20,0.96,0,2789,81,2259,2800,2157,0.0,100,29.4,0,100,1,3,2.41,0,11,1,-3,4.1,0.2,
32.45,110,279,285,0.23,428,226,84,20.2,20,0.96,0,2789,81,2259,2800,2157,0.0,100,29.4,0,100,1,3,2.41,0,11,1,-3,4.1,0.2,
32.59,110,279,285,0.23,428,226,84,20.2,20,0.96,0,2789,81,2259,2800,2157,0.0,100,29.4,0,100,1,3,2.41,0,11,1,-3,4.1,0.2,
32.71,110,279,285,0.23,428,226,84,20.2,20,0.96,0,2789,81,2259,2800,2157,0.0,100,29.4,0,100,1,3,2.41,0,11,1,-3,4.1,0.2,
32.80,110,279,285,0.23,428,226,84,20.2,20,0.96,0,2789,81,2259,2800,2157,0.0,100,29.4,0,100,1,3,2.41,0,11,1,-3,4.1,0.2,
32.94,110,279,285,0.23,428,226,84,20.2,20,0.96,0,2789,81,2259,2800,2157,0.0,100,29.4,0,100,1,3,2.41,0,11,1,-3,4.1,0.2,
33.04,110,279,285,0.23,428,226,84,20.2,20,0.96,0,2789,81,2259,2800,2157,0.0,100,29.4,0,100,1,3,2.41,0,11,1,-3,4.1,0.2,
33.14,110,279,285,0.23,428,226,84,20.2,20,0.96,0,2789,81,2259,2800,2157,0.0,100,29.4,0,100,1,3,2.41,0,11,1,-3,4.1,0.2,
33.27,110,279,285,0.23,428,226,84,20.2,20,0.96,0,2789,81,2259,2800,2157,0.0,100,29.4,0,100,1,3,2.41,0,11,1,-3,4.1,0.2,
33.37,110,279,285,0.23,428,226,84,20.2,20,0.96,0,2789,81,2259,2800,2157,0.0,100,29.4,0,100,1,3,2.41,0,11,1,-3,4.1,0.2,
33.47,110,279,285,0.23,428,226,84,20.2,20,0.96,0,2789,81,2259,2800,2157,0.0,100,29.4,0,100,1,3,2.41,0,11,1,-3,4.1,0.2,
33.60,110,279,285,0.23,430,226,84,20.2,19,0.96,0,2790,81,2260,2800,2157,-0.14925472,100,29.4,0,100,1,3,2.41,0,11,1,-3,4.1,0.2,
33.70,110,279,285,0.23,432,226,84,20.2,19,0.96,1,2789,81,2259,2800,2158,-0.18097398,100,29.4,0,100,1,3,2.41,0,11,1,-2,4.1,0.2,
33.84,110,279,285,0.23,435,227,84,20.2,18,0.96,0,2789,81,2259,2800,2158,-0.27316105,100,29.4,0,100,1,3,2.41,0,11,1,-2,4.1,0.2,
33.94,110,279,285,0.23,436,227,84,20.2,19,0.95,0,2790,81,2260,2800,2158,-0.17980151,100,29.4,0,100,1,3,2.41,0,11,1,-2,4.1,0.2,
34.06,110,279,285,0.23,439,227,84,20.2,18,0.95,0,2789,81,2259,2800,2158,-0.23484315,100,29.4,0,100,1,3,2.41,0,11,1,-2,4.1,0.3,
34.19,110,279,285,0.23,441,227,84,20.1,18,0.95,0,2789,81,2259,2800,2159,-0.2487305,100,29.4,0,100,1,3,2.41,0,11,1,-2,4.1,0.3,
34.30,110,279,285,0.23,444,227,84,20.1,18,0.95,0,2789,81,2259,2800,2159,-0.24522077,100,29.4,0,100,1,3,2.41,0,11,1,-2,4.1,0.3,
34.40,110,279,285,0.23,446,227,84,20.1,18,0.95,0,2789,81,2259,2800,2159,-0.20479877,100,29.4,0,100,1,3,2.41,0,11,1,-2,4.1,0.3,
34.50,110,278,285,0.23,448,227,84,20.1,18,0.96,0,2789,81,2259,2800,2159,-0.20204255,100,29.4,0,100,1,3,2.41,0,11,1,-2,4.1,0.3,
34.64,110,278,285,0.23,451,227,84,20.1,18,0.95,0,2789,80,2231,2800,2159,-0.2697432,100,29.4,0,100,1,3,2.41,0,11,1,-2,4.1,0.3,
34.74,110,278,284,0.23,453,227,84,20.1,18,0.95,0,2788,81,2258,2800,2159,-0.20367102,100,29.4,0,100,1,3,2.41,0,11,1,-2,4.1,0.3,
